3.549392893910408020e-02,4.784597754478454590e-01,-4.396909475326538086e-01,-3.991924691945314407e-03
1.465044766664505005e-01,-4.768586754798889160e-01,-4.861600995063781738e-01,3.199959695339202881e-01
-2.519757449626922607e-01,-1.269392669200897217e-01,-4.259004294872283936e-01,-2.076172083616256714e-01
-4.284421503543853760e-01,-4.122518002986907959e-01,4.459688067436218262e-02,-4.003657698631286621e-01
2.430599927902221680e-01,-1.147669702768325806e-01,-3.083124756813049316e-01,4.336491227149963379e-01
-1.529945433139801025e-01,1.810905486345291138e-01,3.736434578895568848e-01,1.995037347078323364e-01
-4.667219817638397217e-01,2.092677056789398193e-01,-4.638248383998870850e-01,-3.307687342166900635e-01
-4.128820896148681641e-01,1.462638080120086670e-01,-1.583967357873916626e-01,-2.459121942520141602e-01
1.915127187967300415e-01,6.190747395157814026e-02,2.083333283662796021e-01,2.294416725635528564e-01
-2.093696743249893188e-01,-1.217366605997085571e-01,9.432624094188213348e-03,-3.991377651691436768e-01
2.297587394714355469e-01,2.125754058361053467e-01,2.875636219978332520e-01,-3.750084340572357178e-01
9.097050875425338745e-02,-4.790616333484649658e-01,-1.618767678737640381e-01,1.151864901185035706e-01
-2.942661643028259277e-01,3.183301091194152832e-01,-4.351898133754730225e-01,-4.848096668720245361e-01
-2.153515517711639404e-01,-3.991307616233825684e-01,2.290668152272701263e-02,-4.678497910499572754e-01
1.539092659950256348e-01,4.476619660854339600e-01,2.698517441749572754e-01,1.956270784139633179e-01
2.856394946575164795e-01,-3.071686327457427979e-01,3.102066814899444580e-01,2.927009761333465576e-01
-5.277672410011291504e-02,-4.212393462657928467e-01,2.310978323221206665e-01,-1.327397525310516357e-01
1.340924203395843506e-01,1.308169513940811157e-01,-4.320295155048370361e-01,4.868546500802040100e-02
2.488064914941787720e-01,4.063050150871276855e-01,-3.839783668518066406e-01,1.269598752260208130e-01
-3.939163982868194580e-01,-2.560301125049591064e-01,4.442733228206634521e-01,4.077801406383514404e-01
-1.020870357751846313e-01,3.720702603459358215e-02,-3.911422789096832275e-01,3.051404953002929688e-01
5.794653296470642090e-02,1.253794282674789429e-01,-3.745706677436828613e-01,-3.953894078731536865e-01
-2.502078115940093994e-01,-4.511988461017608643e-01,2.004673928022384644e-01,4.271802604198455811e-01
7.102473080158233643e-02,3.987333774566650391e-01,4.154033362865447998e-01,1.730245351791381836e-01
1.796268075704574585e-01,1.165919527411460876e-01,1.483619213104248047e-02,1.608019471168518066e-01
3.438368439674377441e-01,-8.250479400157928467e-02,1.043677926063537598e-01,-3.833911195397377014e-02
2.748866677284240723e-01,1.000459268689155579e-01,3.938363790512084961e-01,2.629202604293823242e-01
-4.193448722362518311e-01,-3.391982018947601318e-01,-2.850808203220367432e-01,-3.716603219509124756e-01
7.437253743410110474e-02,-4.020456075668334961e-01,-6.386023014783859253e-02,-2.963568866252899170e-01
-2.699705064296722412e-01,-1.790174990892410278e-01,-3.628304973244667053e-02,2.125156968832015991e-01
-8.686983585357666016e-02,5.339477583765983582e-02,1.933295726776123047e-01,4.052695930004119873e-01
3.380602598190307617e-01,-2.110919170081615448e-02,3.301098048686981201e-01,-3.623369038105010986e-01
2.844145894050598145e-01,1.165764704346656799e-01,-1.298737078905105591e-01,-1.548694521188735962e-01
-5.279501155018806458e-02,-2.467881888151168823e-01,2.104072421789169312e-01,3.165305554866790771e-01
3.868406713008880615e-01,-1.745866537094116211e-01,2.436180710792541504e-01,3.203361630439758301e-01
3.917564153671264648e-01,-4.738982021808624268e-01,3.041810691356658936e-01,-2.485675811767578125e-01
-6.977398693561553955e-02,-8.188801258802413940e-02,2.614896744489669800e-02,-3.536056578159332275e-01
6.648320704698562622e-02,2.561223804950714111e-01,-9.322543442249298096e-02,-8.259807527065277100e-02
1.535479575395584106e-01,-2.086832523345947266e-01,-5.030944347381591797e-01,-1.887915432453155518e-01
-3.149152034893631935e-03,-1.562580615282058716e-01,-3.746401071548461914e-01,1.640999317169189453e-02
-2.459901124238967896e-01,-4.294183850288391113e-01,-2.764146029949188232e-02,-1.211564913392066956e-01
-1.227286607027053833e-01,4.336027204990386963e-01,-1.013625189661979675e-01,1.111088544130325317e-01
-3.844790160655975342e-01,1.282950341701507568e-01,2.806094586849212646e-01,8.638811856508255005e-02
-2.162522077560424805e-01,-7.221374660730361938e-02,-2.057822421193122864e-02,-4.359942376613616943e-01
2.595094144344329834e-01,7.446932792663574219e-02,7.224724441766738892e-02,-2.870236150920391083e-02
-3.091908693313598633e-01,-5.103098154067993164e-01,2.229230403900146484e-01,2.318284958600997925e-01
8.353465050458908081e-02,6.031260639429092407e-02,-2.294486612081527710e-01,1.567084491252899170e-01
-1.044052764773368835e-01,-6.796615570783615112e-02,-2.895400822162628174e-01,3.039573729038238525e-01
4.068615734577178955e-01,-1.540745943784713745e-01,-1.989676654338836670e-01,6.599480658769607544e-02
-1.982430964708328247e-01,-1.860602051019668579e-01,-1.792697012424468994e-01,2.344758510589599609e-01
6.266852468252182007e-02,2.427160888910293579e-01,4.473412930965423584e-01,3.143871575593948364e-02
4.831385612487792969e-01,2.307938188314437866e-01,-2.226086147129535675e-02,-4.090307056903839111e-01
2.520674467086791992e-01,-4.440107941627502441e-01,2.711704373359680176e-01,2.122160792350769043e-01
2.526021897792816162e-01,-3.010696470737457275e-01,-4.271394014358520508e-01,-1.866323873400688171e-03
-3.559698760509490967e-01,4.852463901042938232e-01,-8.880565315485000610e-02,-1.636873781681060791e-01
-3.309310078620910645e-01,-1.887426376342773438e-01,4.041265845298767090e-01,-3.740465342998504639e-01
2.756318151950836182e-01,9.833883494138717651e-02,-3.944282829761505127e-01,3.741318881511688232e-01
1.025236323475837708e-01,-1.513221953064203262e-02,4.594081044197082520e-01,3.390250802040100098e-01
2.286589741706848145e-01,5.611816421151161194e-02,-1.969960778951644897e-01,3.449390232563018799e-01
2.694683670997619629e-01,4.091022312641143799e-01,4.646924436092376709e-01,-2.160789221525192261e-01
2.387110292911529541e-01,3.517862558364868164e-01,9.941671043634414673e-02,2.018588967621326447e-02
-4.846016764640808105e-01,-2.320021018385887146e-02,-2.805256545543670654e-01,2.072157114744186401e-01
-2.959817051887512207e-01,8.093785494565963745e-02,-1.487337350845336914e-01,4.642726778984069824e-01
4.001286327838897705e-01,-2.806070446968078613e-01,3.994977176189422607e-01,-3.188342750072479248e-01
2.901863753795623779e-01,4.850764870643615723e-01,-2.064991742372512817e-01,-1.386754661798477173e-01
1.515391021966934204e-01,-7.641816139221191406e-02,-2.240105867385864258e-01,-2.620435953140258789e-01
4.414561092853546143e-01,-2.273374348878860474e-01,-5.190690979361534119e-03,4.410023689270019531e-01
-4.005030095577239990e-01,5.128489732742309570e-01,-3.470471203327178955e-01,-4.421091079711914062e-01
-4.228464066982269287e-01,9.650257229804992676e-02,2.799178063869476318e-01,-4.747925996780395508e-01
-3.368563354015350342e-01,-4.503136277198791504e-01,-2.780643403530120850e-01,8.820705115795135498e-02
-8.920788764953613281e-02,4.315661732107400894e-03,-2.370592057704925537e-01,-3.117192685604095459e-01
-2.980477921664714813e-02,1.337169706821441650e-01,-4.175571799278259277e-01,4.481518641114234924e-03
2.437116056680679321e-01,7.290119677782058716e-02,-8.899264782667160034e-02,-2.996128499507904053e-01
1.941557526588439941e-01,6.876022368669509888e-02,9.611346572637557983e-02,2.947625890374183655e-02
2.481110543012619019e-01,-3.114250116050243378e-02,-4.546490013599395752e-01,-2.183750122785568237e-01
4.373235702514648438e-01,-2.723519504070281982e-01,2.672998011112213135e-01,3.502129390835762024e-02
2.490161173045635223e-02,-2.479751259088516235e-01,2.120043188333511353e-01,9.287064522504806519e-02
8.871713280677795410e-02,-9.032670408487319946e-02,-1.587523967027664185e-01,4.976370632648468018e-01
3.292430341243743896e-01,3.667118847370147705e-01,-5.402951687574386597e-02,2.094402536749839783e-02
-2.717336118221282959e-01,2.725947201251983643e-01,-4.717286229133605957e-01,1.609556972980499268e-01
-1.002936586737632751e-01,-1.871637068688869476e-02,-2.112706899642944336e-01,-3.720795512199401855e-01
-2.670160531997680664e-01,3.639041781425476074e-01,-3.389859199523925781e-01,3.852537572383880615e-01
-4.508211612701416016e-01,-1.042815372347831726e-01,3.886096775531768799e-01,4.086305499076843262e-01
-3.036608397960662842e-01,-4.593573510646820068e-01,1.593272089958190918e-01,-4.504123330116271973e-01
-2.764517664909362793e-01,-1.390601694583892822e-01,2.908295094966888428e-01,3.690978586673736572e-01
-1.022683382034301758e-01,2.562977671623229980e-01,-1.208864897489547729e-01,1.097407564520835876e-01
2.805404365062713623e-01,3.884388804435729980e-01,-4.061759710311889648e-01,1.139604747295379639e-01
4.248089790344238281e-01,2.530217468738555908e-01,1.511329561471939087e-01,3.303908160887658596e-04
2.691406011581420898e-01,4.954519867897033691e-02,1.513417810201644897e-01,1.746474802494049072e-01
-3.548277616500854492e-01,1.698747426271438599e-01,-3.183202818036079407e-03,3.781579732894897461e-01
-4.622220993041992188e-01,1.381931602954864502e-01,4.595609903335571289e-01,-2.459867596626281738e-01
6.877548992633819580e-02,-2.695989906787872314e-01,-6.496991962194442749e-02,-3.855348527431488037e-01
-3.311787545680999756e-01,-4.048198461532592773e-01,-2.020566016435623169e-01,3.530038297176361084e-01
-7.404039800167083740e-02,3.502506911754608154e-01,-1.045514643192291260e-01,-3.985291346907615662e-02
-3.798506557941436768e-01,-3.041241168975830078e-01,3.231190145015716553e-01,3.143232762813568115e-01
1.347498595714569092e-01,3.259653449058532715e-01,-7.726573199033737183e-02,-3.511836230754852295e-01
-3.388820886611938477e-01,-1.014148592948913574e-01,-4.423328936100006104e-01,-3.023198246955871582e-01
-1.734033040702342987e-02,-2.943502664566040039e-01,-2.327667921781539917e-02,-1.528698652982711792e-01
3.284813761711120605e-01,-7.723999768495559692e-02,-3.273757100105285645e-01,-1.119274646043777466e-01
1.072692722082138062e-01,1.587042659521102905e-01,-1.651984602212905884e-01,2.554755210876464844e-01
-4.679238200187683105e-01,-7.011253386735916138e-02,8.651404082775115967e-02,-2.293858826160430908e-01
6.673207134008407593e-02,-3.502673208713531494e-01,-4.462902545928955078e-01,-1.531534343957901001e-01
-3.825395405292510986e-01,-9.825607389211654663e-02,-2.666636705398559570e-01,4.511571675539016724e-02
-1.255505383014678955e-01,-5.282476544380187988e-01,3.198667168617248535e-01,4.780373871326446533e-01
1.143892183899879456e-01,-3.037980496883392334e-01,-2.216569483280181885e-01,2.988859415054321289e-01
-2.352240681648254395e-01,3.861221969127655029e-01,3.583890497684478760e-01,-3.672652244567871094e-01
1.397500373423099518e-02,-5.257212519645690918e-01,3.138657808303833008e-01,-8.235676586627960205e-02
2.972500324249267578e-01,-2.181314527988433838e-01,-3.962536156177520752e-01,-9.666235744953155518e-02
3.392963111400604248e-01,3.101280033588409424e-01,4.654151797294616699e-01,-1.783521287143230438e-02
4.415473937988281250e-01,-1.767431944608688354e-01,-4.535937607288360596e-01,9.698448330163955688e-02
-9.288029372692108154e-02,-4.340714216232299805e-01,-4.147671461105346680e-01,2.717378735542297363e-01
-3.061415553092956543e-01,-1.259504407644271851e-01,1.752154156565666199e-02,-3.036384880542755127e-01
-1.791492402553558350e-01,-4.300758838653564453e-01,-2.167755514383316040e-01,5.025670677423477173e-02
1.313036680221557617e-01,6.305435299873352051e-02,-1.945287436246871948e-01,3.137859702110290527e-01
-3.481542468070983887e-01,4.558469057083129883e-01,-1.682144552469253540e-01,-8.066381514072418213e-02
-8.438542485237121582e-02,-6.974650919437408447e-02,2.071942090988159180e-01,-2.088218927383422852e-01
2.053562738001346588e-02,-1.709991693496704102e-01,-2.021763473749160767e-01,1.702334284782409668e-01
-1.728482097387313843e-01,-1.046426892280578613e-01,-4.588091075420379639e-01,4.801859855651855469e-01
-3.524727821350097656e-01,-3.044655621051788330e-01,4.572868943214416504e-01,1.114296540617942810e-01
-2.650123238563537598e-01,5.032945796847343445e-02,-1.026912108063697815e-01,7.778573036193847656e-02
1.307373344898223877e-01,-2.485871464014053345e-01,-2.688839286565780640e-02,4.020766317844390869e-01
1.998874545097351074e-01,4.187871217727661133e-01,2.494073808193206787e-01,4.088706672191619873e-01
-4.788128435611724854e-01,2.274073362350463867e-01,3.797958195209503174e-01,-2.244368195533752441e-01
-2.270940542221069336e-01,-3.641494810581207275e-01,2.554205060005187988e-01,4.425942301750183105e-01
3.112805187702178955e-01,-4.394040703773498535e-01,2.157060205936431885e-01,1.698891520500183105e-01
-3.217362165451049805e-01,2.035929858684539795e-01,-1.445166766643524170e-01,-7.056351751089096069e-02
8.857919275760650635e-02,-1.595446765422821045e-01,4.710867404937744141e-01,1.078922748565673828e-01
4.194169044494628906e-01,-4.487267434597015381e-01,-3.225044012069702148e-01,1.680068224668502808e-01
9.271159768104553223e-02,-4.928485751152038574e-01,2.589407861232757568e-01,1.541517488658428192e-02
7.170485705137252808e-02,4.209082424640655518e-01,2.588945329189300537e-01,1.722647398710250854e-01
-1.567558646202087402e-01,-1.280636340379714966e-01,-9.188625216484069824e-02,-3.488558828830718994e-01
4.154812991619110107e-01,4.653622210025787354e-01,6.994937360286712646e-02,-1.045493688434362411e-02
-1.238470375537872314e-01,6.750599294900894165e-02,4.274107217788696289e-01,1.042310670018196106e-01
3.657280802726745605e-01,1.253617107868194580e-01,-3.493151441216468811e-02,-9.210016578435897827e-02
2.374401241540908813e-01,-8.062939345836639404e-02,3.031675219535827637e-01,-2.606140449643135071e-02
-2.422345876693725586e-01,8.017048239707946777e-02,3.277021944522857666e-01,1.200207769870758057e-01
-4.293342530727386475e-01,-3.368565114215016365e-03,3.554894626140594482e-01,6.321857124567031860e-02
-6.204981356859207153e-02,2.964585721492767334e-01,3.718064427375793457e-01,-2.087685763835906982e-01
-1.370292007923126221e-01,-3.044703900814056396e-01,7.818307727575302124e-02,-1.697392575442790985e-02
3.930163979530334473e-01,4.039944615215063095e-03,1.584986746311187744e-01,-2.331842184066772461e-01
1.941042393445968628e-01,-2.684747874736785889e-01,3.723160326480865479e-01,3.823599964380264282e-02
-4.481730163097381592e-01,-4.793264269828796387e-01,3.850818574428558350e-01,-7.378155738115310669e-02
3.551195561885833740e-02,5.166936516761779785e-01,-6.830812990665435791e-02,-5.756926909089088440e-02
6.911476701498031616e-02,-4.830180704593658447e-01,-1.021229177713394165e-01,4.598993062973022461e-01
-1.124864909797906876e-03,-3.548885285854339600e-01,4.672695696353912354e-01,3.868688642978668213e-01
2.734518945217132568e-01,-1.005247682332992554e-01,1.902361214160919189e-01,-2.311295419931411743e-01
-1.711552888154983521e-01,5.025868415832519531e-01,3.858765959739685059e-01,3.517912700772285461e-02
3.178446292877197266e-01,-2.802684307098388672e-01,-5.463461577892303467e-02,1.514041125774383545e-01
4.020011723041534424e-01,2.399956583976745605e-01,-1.739962026476860046e-03,-8.457413315773010254e-02
-2.825608551502227783e-01,4.733480513095855713e-01,5.030261278152465820e-01,-4.034641683101654053e-01
-4.275758564472198486e-01,4.698255658149719238e-01,-1.336401104927062988e-01,-2.253339737653732300e-01
5.526995752006769180e-03,-1.497018337249755859e-01,6.553977727890014648e-02,5.558455362915992737e-03
1.023927107453346252e-01,-1.327527314424514771e-01,-3.525876700878143311e-01,-3.963471055030822754e-01
-4.192776083946228027e-01,1.285160928964614868e-01,3.794059157371520996e-01,-1.272780597209930420e-01
-3.446949422359466553e-01,-2.131090164184570312e-01,2.626363337039947510e-01,1.927843503654003143e-02
-4.261016845703125000e-01,2.911281883716583252e-01,8.054140955209732056e-02,3.111627697944641113e-01
-4.061478376388549805e-01,2.495749443769454956e-01,-2.067140489816665649e-01,1.560404002666473389e-01
-9.036891907453536987e-02,9.119229763746261597e-02,-1.757983714342117310e-01,-2.274379730224609375e-01
2.277407944202423096e-01,-2.346981763839721680e-01,-3.920454084873199463e-01,4.028759300708770752e-01
3.002006560564041138e-02,2.079043239355087280e-01,1.147294119000434875e-01,2.612613737583160400e-01
-6.931694224476814270e-03,2.217048704624176025e-01,-3.761373162269592285e-01,-1.768790301866829395e-03
4.266827106475830078e-01,-3.029460310935974121e-01,-5.759922415018081665e-02,1.981231570243835449e-01
-4.000098407268524170e-01,1.376163586974143982e-02,-8.496561646461486816e-02,-4.149635732173919678e-01
8.821970969438552856e-02,4.922412708401679993e-02,4.743056595325469971e-01,-3.688472509384155273e-01
2.609626948833465576e-01,3.478856682777404785e-01,-1.145584136247634888e-01,-4.300353229045867920e-01
2.727974355220794678e-01,-1.382174789905548096e-01,1.733862459659576416e-01,2.459899485111236572e-01
-4.670244753360748291e-01,-1.277810037136077881e-01,-1.706049144268035889e-01,-1.554798185825347900e-01
-8.472670614719390869e-02,-1.004063785076141357e-01,2.231780737638473511e-01,2.486327737569808960e-01
-4.784704148769378662e-01,3.866089880466461182e-01,6.711728125810623169e-02,-8.611678145825862885e-03
-2.915755659341812134e-02,-4.247658848762512207e-01,4.501217603683471680e-01,-2.943941019475460052e-02
-3.683680593967437744e-01,-3.482521772384643555e-01,2.905939817428588867e-01,3.207677900791168213e-01
1.247526556253433228e-01,-3.704668283462524414e-01,2.509710490703582764e-01,4.405635893344879150e-01
1.664547026157379150e-01,4.829174578189849854e-01,-1.590128839015960693e-01,-1.478855162858963013e-01
1.709229201078414917e-01,-2.878910601139068604e-01,4.695805013179779053e-01,4.930457770824432373e-01
-1.515544950962066650e-02,7.628761231899261475e-02,1.335771232843399048e-01,-1.483376026153564453e-01
1.196749806404113770e-01,4.921612143516540527e-01,-4.205263257026672363e-01,2.209734320640563965e-01
1.707995384931564331e-01,3.918550908565521240e-01,-4.874472692608833313e-02,-4.070228338241577148e-01
-1.388309150934219360e-01,5.226859450340270996e-01,-3.009452223777770996e-01,-3.565632104873657227e-01
1.491194814443588257e-01,1.964834034442901611e-01,-3.489411473274230957e-01,-4.221972227096557617e-01
-2.551783025264739990e-01,-1.667007058858871460e-01,3.321265280246734619e-01,-2.552729547023773193e-01
-4.329829514026641846e-01,3.891896605491638184e-01,2.916278839111328125e-01,3.915210962295532227e-01
-3.923035562038421631e-01,-7.654581218957901001e-02,4.182283207774162292e-02,-1.145348399877548218e-01
-1.921723783016204834e-01,9.366369247436523438e-02,2.016886919736862183e-01,-8.719932287931442261e-02
-6.752005964517593384e-02,3.750832080841064453e-01,7.110542058944702148e-02,-9.847705811262130737e-02
2.577455937862396240e-01,-3.875817954540252686e-01,4.652159512042999268e-01,-1.318845152854919434e-01
3.071011304855346680e-01,-3.425129950046539307e-01,-1.184650138020515442e-01,-2.222698554396629333e-02
5.884379148483276367e-02,3.955916762351989746e-01,8.285307139158248901e-02,-2.012825310230255127e-01
4.907191917300224304e-02,9.116289764642715454e-02,-1.203371658921241760e-01,2.063769698143005371e-01
-2.919005751609802246e-01,-2.229905575513839722e-01,-1.323483884334564209e-01,4.906673431396484375e-01
1.704874187707901001e-01,-2.566532418131828308e-02,1.766167730093002319e-01,-4.650042653083801270e-01
4.303660988807678223e-02,-4.837036728858947754e-01,1.413324568420648575e-02,-9.637875854969024658e-02
1.216693818569183350e-01,4.055353403091430664e-01,3.367063403129577637e-01,2.206831723451614380e-01
-2.007223218679428101e-01,1.246004924178123474e-01,4.925191700458526611e-01,3.138837516307830811e-01
-1.207816675305366516e-01,-2.378169745206832886e-01,-1.735229417681694031e-02,1.256749182939529419e-01
-3.547069132328033447e-01,-3.548886179924011230e-01,1.608837246894836426e-01,1.182300895452499390e-01
-2.218075245618820190e-01,-3.663792014122009277e-01,-5.000675916671752930e-01,-2.851614169776439667e-02
7.965277135372161865e-02,3.085399791598320007e-02,-1.834114789962768555e-01,2.788775265216827393e-01
1.126705408096313477e-01,-2.108409255743026733e-01,1.510925292968750000e-01,-3.248239457607269287e-01
-1.342850327491760254e-01,-3.733497858047485352e-01,2.798885107040405273e-01,4.553728923201560974e-02
1.145700588822364807e-01,2.891570329666137695e-01,-3.433173298835754395e-01,3.212357759475708008e-01
-2.426377236843109131e-01,-4.436970949172973633e-01,2.940948307514190674e-01,1.577290445566177368e-01
3.629695475101470947e-01,-3.300092369318008423e-02,8.931149542331695557e-02,2.156488448381423950e-01
2.421045899391174316e-01,1.277130097150802612e-01,1.087252721190452576e-01,-3.863106071949005127e-01
-2.216806709766387939e-01,2.218566089868545532e-01,-3.946064710617065430e-01,2.408622205257415771e-01
-2.262215912342071533e-01,4.655548036098480225e-01,-6.186496838927268982e-02,-1.844652146100997925e-01
-2.467501312494277954e-01,-3.814352750778198242e-01,2.967890799045562744e-01,2.037927955389022827e-01
-1.303535401821136475e-01,2.014434337615966797e-02,2.444276958703994751e-02,-2.831893265247344971e-01
-1.018505096435546875e-01,3.341046571731567383e-01,-2.079704850912094116e-01,3.218365907669067383e-01
3.903644382953643799e-01,-3.505609929561614990e-01,-3.372718021273612976e-02,-2.253392040729522705e-01
-3.760111927986145020e-01,-2.756455540657043457e-01,-4.247512221336364746e-01,1.252773255109786987e-01
3.421432673931121826e-01,-3.941091597080230713e-01,7.251240313053131104e-02,-1.214678436517715454e-01
-3.355350792407989502e-01,-5.223011970520019531e-01,-1.851950287818908691e-01,2.598707675933837891e-01
-5.822657793760299683e-02,-2.466117441654205322e-01,-3.187171816825866699e-01,-5.715078487992286682e-02
-1.173285990953445435e-01,-4.441818296909332275e-01,-1.041730716824531555e-01,2.144679240882396698e-02
-1.065541952848434448e-01,-3.303579688072204590e-01,3.964754939079284668e-01,2.528026700019836426e-01
1.456817090511322021e-01,9.222262352705001831e-02,-7.434453070163726807e-02,-3.898028433322906494e-01
4.928144067525863647e-02,-3.382435739040374756e-01,-2.411328256130218506e-01,2.292120158672332764e-01
2.681766748428344727e-01,-3.423393666744232178e-01,-1.428534090518951416e-01,-1.799928955733776093e-02
1.640005409717559814e-01,2.761355936527252197e-01,7.709788042120635509e-04,2.558139562606811523e-01
4.043360799551010132e-02,4.489044547080993652e-01,2.183197736740112305e-01,4.864915087819099426e-02
1.143502965569496155e-01,-3.873425722122192383e-01,-8.441234380006790161e-02,9.334125369787216187e-02
5.932491645216941833e-02,-2.025302797555923462e-01,-4.641290307044982910e-01,3.212650418281555176e-01
4.187830388545989990e-01,-3.423018455505371094e-01,9.041935205459594727e-02,3.220191299915313721e-01
-2.039925903081893921e-01,1.976225823163986206e-01,-1.473163068294525146e-01,-1.164399981498718262e-01
2.503704726696014404e-01,4.744400978088378906e-01,-3.975861072540283203e-01,-3.721543550491333008e-01
-4.607247561216354370e-02,4.429612755775451660e-01,3.270671963691711426e-01,9.779499471187591553e-02
-3.843739032745361328e-01,-1.662270724773406982e-01,-3.258574903011322021e-01,4.807724356651306152e-01
1.629973948001861572e-01,7.872001267969608307e-03,-4.536650776863098145e-01,3.921969830989837646e-01
2.684764862060546875e-01,-4.649121761322021484e-01,3.011645376682281494e-01,-4.385771453380584717e-01
2.004709392786026001e-01,-1.588602066040039062e-01,5.469651892781257629e-02,-4.392275214195251465e-01
-7.955531775951385498e-02,4.018623530864715576e-01,6.144390255212783813e-02,2.081280350685119629e-01
-2.694945037364959717e-01,-4.138723611831665039e-01,2.202404476702213287e-02,3.332462906837463379e-01
-4.377060234546661377e-01,-7.668837206438183784e-04,3.703584671020507812e-01,3.935247659683227539e-01
-2.016646564006805420e-01,-6.516317278146743774e-02,3.148965537548065186e-01,-3.119908273220062256e-01
-3.184611722826957703e-02,-3.391025960445404053e-01,4.983786046504974365e-01,3.756272196769714355e-01
1.225691661238670349e-01,-4.482733011245727539e-01,-2.319852709770202637e-01,-7.176604866981506348e-02
-4.848587512969970703e-01,-3.052759468555450439e-01,-1.007119491696357727e-01,-1.348142176866531372e-01
3.687355816364288330e-01,1.013900041580200195e-01,2.347228974103927612e-01,1.120510846376419067e-01
3.244290649890899658e-01,1.815195530652999878e-01,-2.776587903499603271e-01,-2.468887567520141602e-01
2.003659904003143311e-01,-2.416723370552062988e-01,4.517947733402252197e-01,8.840318769216537476e-03
-2.439339756965637207e-01,1.476180702447891235e-01,1.385052055120468140e-01,-5.616316571831703186e-03
-4.306603074073791504e-01,4.325668811798095703e-01,-2.521990537643432617e-01,3.651317954063415527e-01
2.368082851171493530e-01,5.231948494911193848e-01,2.772662639617919922e-01,-1.124456673860549927e-01
2.819738984107971191e-01,-3.433050215244293213e-01,-2.932842671871185303e-01,-3.761845529079437256e-01
3.151652812957763672e-01,-3.576805591583251953e-01,-2.974328994750976562e-01,-3.347213864326477051e-01
-6.271803379058837891e-02,3.340100497007369995e-02,-3.367685675621032715e-01,-3.626567125320434570e-01
-3.759073615074157715e-01,4.842849820852279663e-02,-3.907073438167572021e-01,3.913383185863494873e-01
-1.760267466306686401e-01,5.662291496992111206e-02,2.101742923259735107e-01,5.585030838847160339e-02
7.552375644445419312e-02,-3.779392540454864502e-01,-9.946610778570175171e-02,-2.312426716089248657e-01
7.391376048326492310e-02,4.052309393882751465e-01,-1.843277662992477417e-01,8.366206288337707520e-02
3.910291194915771484e-01,3.053167164325714111e-01,4.475488662719726562e-01,1.389952600002288818e-01
-3.584855794906616211e-02,4.920438528060913086e-01,2.027998119592666626e-01,1.445263028144836426e-01
-3.407904505729675293e-02,1.911865472793579102e-01,1.747774928808212280e-01,-2.582195587456226349e-02
2.786486744880676270e-01,-1.599345654249191284e-01,-1.666515618562698364e-01,3.055469691753387451e-01
-2.770621143281459808e-02,2.538928687572479248e-01,-7.236848771572113037e-02,-2.389167845249176025e-01
-1.214065849781036377e-01,1.567506045103073120e-01,3.238012194633483887e-01,-1.705104112625122070e-01
-2.990570962429046631e-01,-3.609759211540222168e-01,4.546404778957366943e-01,3.421642780303955078e-01
-4.949839785695075989e-02,-1.750725209712982178e-01,-2.822242379188537598e-01,-3.081361651420593262e-01
5.767863243818283081e-02,-1.155964732170104980e-01,1.837171018123626709e-01,3.874405920505523682e-01
-9.297735244035720825e-02,-1.984863430261611938e-01,-4.167401492595672607e-01,3.835665285587310791e-01
2.804997861385345459e-01,3.974143266677856445e-01,4.435396790504455566e-01,7.234730571508407593e-02
-4.627677798271179199e-01,-4.150099754333496094e-01,-1.253227591514587402e-01,3.490436822175979614e-02
-3.385239839553833008e-01,-2.529354393482208252e-01,-4.356351196765899658e-01,-3.096231818199157715e-02
-3.119663000106811523e-01,-3.006860911846160889e-01,2.345952242612838745e-01,6.464504450559616089e-02
-3.178993165493011475e-01,-3.381211310625076294e-02,1.941062510013580322e-01,-4.472875893115997314e-01
-1.391680240631103516e-01,1.303881704807281494e-01,4.207415878772735596e-01,3.913862705230712891e-01
1.169418394565582275e-01,3.917890191078186035e-01,4.846436381340026855e-01,-1.722542047500610352e-01
-6.182377785444259644e-02,1.027081981301307678e-01,2.650533430278301239e-02,1.807833611965179443e-01
7.078481465578079224e-02,2.893925607204437256e-01,3.548029959201812744e-01,4.385438561439514160e-01
-2.621407508850097656e-01,2.028094381093978882e-01,2.036711014807224274e-02,4.591727256774902344e-01
2.263318300247192383e-01,3.622082471847534180e-01,-5.895146727561950684e-02,2.098756842315196991e-02
-3.791004046797752380e-02,-3.156000077724456787e-01,-1.713642925024032593e-01,-3.280361890792846680e-01
2.836451232433319092e-01,-4.548603296279907227e-01,2.214863598346710205e-01,1.801909357309341431e-01
-1.456766873598098755e-01,3.635202646255493164e-01,3.436908125877380371e-02,-4.463800489902496338e-01
3.884138762950897217e-01,-2.192863225936889648e-01,4.371755421161651611e-01,1.420980542898178101e-01
4.308230280876159668e-01,-2.492990791797637939e-01,-1.907742172479629517e-01,-4.122639894485473633e-01
2.037991881370544434e-01,-2.339255958795547485e-01,-7.046287413686513901e-03,3.587179258465766907e-02
-1.512598246335983276e-01,6.511923274956643581e-04,4.132976531982421875e-01,3.841572627425193787e-02
-4.568886756896972656e-01,-4.522626996040344238e-01,-3.742089569568634033e-01,4.461865425109863281e-01
-3.067192733287811279e-01,2.876065075397491455e-01,6.861724704504013062e-02,3.116737008094787598e-01
3.042348921298980713e-01,-1.390182077884674072e-01,1.053452491760253906e-01,2.982829213142395020e-01
-1.407871544361114502e-01,1.290182769298553467e-01,-4.268840253353118896e-01,-2.466851770877838135e-01
-2.153880298137664795e-01,-1.964727416634559631e-02,-4.477602243423461914e-01,-2.256893366575241089e-01
-4.762235283851623535e-01,2.006162256002426147e-01,2.015330791473388672e-01,-2.931420803070068359e-01
3.793695867061614990e-01,-9.549330174922943115e-02,1.411693990230560303e-01,3.632013499736785889e-01
-2.061377651989459991e-02,-4.886131286621093750e-01,-1.691692322492599487e-01,1.295235157012939453e-01
3.810052871704101562e-01,-4.580707848072052002e-01,4.735006392002105713e-01,-1.136900708079338074e-01
-5.389070138335227966e-02,-2.319972217082977295e-02,-4.817449301481246948e-02,-7.354031503200531006e-02
-3.336451351642608643e-01,-9.098134934902191162e-02,1.078042462468147278e-01,3.983017802238464355e-01
-4.508924186229705811e-01,3.248839974403381348e-01,-3.886823058128356934e-01,-4.641585350036621094e-01
1.205622926354408264e-01,-1.049817204475402832e-01,-2.490053176879882812e-01,6.273483484983444214e-02
-3.198612630367279053e-01,-4.698083996772766113e-01,5.701139569282531738e-02,2.591632604598999023e-01
-5.423259735107421875e-02,3.872619867324829102e-01,-1.208075582981109619e-01,-4.732038676738739014e-01
-3.089070618152618408e-01,3.731240034103393555e-01,3.339686989784240723e-01,-2.972439825534820557e-01
-3.323468267917633057e-01,1.001492291688919067e-01,3.119067102670669556e-02,2.694610655307769775e-01
-2.019121199846267700e-01,2.809124886989593506e-01,1.573203876614570618e-02,-1.351586580276489258e-01
-6.624011695384979248e-02,4.008654057979583740e-01,4.428717792034149170e-01,1.054977998137474060e-02
2.229769080877304077e-01,-4.079715311527252197e-01,-2.659330368041992188e-01,4.264280498027801514e-01
-3.453028202056884766e-02,-3.489300310611724854e-01,1.056145355105400085e-01,-1.732492446899414062e-01
8.102321624755859375e-02,1.070898026227951050e-01,-4.545116126537322998e-01,3.216226696968078613e-01
-7.860051095485687256e-02,2.219671569764614105e-02,1.839856058359146118e-01,1.921691000461578369e-01
-2.368389964103698730e-01,-3.611316382884979248e-01,-4.486706573516130447e-03,-1.201403513550758362e-01
-3.229207694530487061e-01,1.475414633750915527e-01,-4.611029922962188721e-01,5.560121312737464905e-02
-3.132202923297882080e-01,-3.791617453098297119e-01,3.906212747097015381e-01,2.600874006748199463e-01
3.269770145416259766e-01,2.549487948417663574e-01,3.384361863136291504e-01,4.674675762653350830e-01
4.748467803001403809e-01,-2.440477460622787476e-01,1.138862520456314087e-01,3.235585689544677734e-01
-2.730824947357177734e-01,2.252732068300247192e-01,-6.238485500216484070e-02,-4.408117011189460754e-02
1.883869171142578125e-01,4.047145545482635498e-01,-3.737961053848266602e-01,1.614007204771041870e-01
3.559047579765319824e-01,-5.143676996231079102e-01,-4.082220196723937988e-01,-4.348407685756683350e-01
-2.187277823686599731e-01,-1.329970359802246094e-01,6.655903533101081848e-03,4.775496125221252441e-01
-4.162113964557647705e-01,2.401638627052307129e-01,2.743305172771215439e-03,-2.095725983381271362e-01
-4.953467249870300293e-01,-4.046573638916015625e-01,3.457849323749542236e-01,-2.493730336427688599e-01
-4.848936945199966431e-02,-8.466340601444244385e-02,-1.753278374671936035e-01,-1.898484975099563599e-01
2.559618651866912842e-01,1.356616318225860596e-01,-2.640315592288970947e-01,-4.220462962985038757e-02
-9.317659586668014526e-02,2.112827152013778687e-01,2.147725522518157959e-01,4.320799112319946289e-01
-4.125994145870208740e-01,4.424018263816833496e-01,-3.928955495357513428e-01,-3.472147881984710693e-02
1.941210180521011353e-01,4.548131227493286133e-01,-3.985941708087921143e-01,2.199313342571258545e-01
1.793754845857620239e-01,-4.313722848892211914e-01,3.206013143062591553e-01,-3.511182963848114014e-01
2.715605795383453369e-01,5.276752635836601257e-02,2.583339214324951172e-01,3.741274476051330566e-01
5.969634652137756348e-02,2.131982892751693726e-01,3.172290325164794922e-02,3.455212712287902832e-01
-1.018447354435920715e-01,8.784843236207962036e-02,-2.095356732606887817e-01,2.237516343593597412e-01
3.480917513370513916e-01,3.009450063109397888e-02,4.301708638668060303e-01,-4.281439483165740967e-01
4.438694119453430176e-01,3.501927852630615234e-01,-1.768837720155715942e-01,3.996495008468627930e-01
3.318980634212493896e-01,-9.888854809105396271e-03,2.272480279207229614e-01,-2.800475107505917549e-03
2.769683003425598145e-01,-2.196411639451980591e-01,2.503746449947357178e-01,-4.236086905002593994e-01
1.001989841461181641e-01,3.399824202060699463e-01,-3.205258250236511230e-01,3.656477630138397217e-01
9.105324000120162964e-02,3.645178973674774170e-01,2.836470305919647217e-01,2.080014944076538086e-01
4.040616154670715332e-01,3.417379856109619141e-01,4.228877425193786621e-01,-4.405361711978912354e-01
-3.941326439380645752e-01,-1.221225112676620483e-01,2.165026217699050903e-01,-4.072758853435516357e-01
-4.329326152801513672e-01,3.641357719898223877e-01,1.395907551050186157e-01,6.054732576012611389e-02
5.279975757002830505e-02,-2.148315310478210449e-01,-2.084121853113174438e-01,2.306616157293319702e-01
-2.736322879791259766e-01,1.160071641206741333e-01,-2.386154979467391968e-01,-4.397882521152496338e-01
-4.233575165271759033e-01,-3.009448051452636719e-01,-8.101093769073486328e-02,-3.005860447883605957e-01
1.471232324838638306e-01,3.277302086353302002e-01,2.120712250471115112e-01,-1.826888322830200195e-01
3.955397605895996094e-01,-1.648994684219360352e-01,2.003784924745559692e-01,4.180054366588592529e-01
-4.209736287593841553e-01,4.974330365657806396e-01,2.852642536163330078e-01,-3.362131714820861816e-01
-3.466574009507894516e-03,2.588311433792114258e-01,-2.485407292842864990e-01,-4.593552649021148682e-01
-2.542097568511962891e-01,-2.970828115940093994e-01,-4.366962984204292297e-02,-7.410544157028198242e-02
-4.357095435261726379e-02,4.358381032943725586e-01,-1.211567968130111694e-02,3.372947275638580322e-01
-2.703520953655242920e-01,-4.359410703182220459e-02,-3.866977095603942871e-01,-2.528845146298408508e-02
1.782917231321334839e-01,5.143410563468933105e-01,1.184586808085441589e-01,-4.674622416496276855e-01
4.295428395271301270e-01,1.478342711925506592e-01,-2.570925951004028320e-01,-1.405176054686307907e-02
-3.811148703098297119e-01,4.041340351104736328e-01,4.167349636554718018e-01,1.885280907154083252e-01
3.712247014045715332e-01,3.561640977859497070e-01,-3.454835340380668640e-02,1.927152872085571289e-01
-8.324414491653442383e-02,2.754566073417663574e-01,-4.251136481761932373e-01,-4.580317735671997070e-01
4.511121809482574463e-01,-4.072005301713943481e-02,2.703185975551605225e-01,-2.688297927379608154e-01
-4.896996542811393738e-02,-4.047641158103942871e-01,-1.324587017297744751e-01,-2.252482771873474121e-01
1.531147211790084839e-01,3.003275953233242035e-02,-4.657611846923828125e-01,-3.968867659568786621e-01
-1.482408046722412109e-01,-2.594498395919799805e-01,4.025372862815856934e-01,-3.515628278255462646e-01
-4.931488931179046631e-01,-3.037275373935699463e-01,4.852694571018218994e-01,-1.771224737167358398e-01
-4.484192132949829102e-01,1.048080176115036011e-01,1.037351712584495544e-01,2.540251612663269043e-01
-4.283095300197601318e-01,-2.960387468338012695e-01,-3.953551948070526123e-01,-3.504780232906341553e-01
-2.605561167001724243e-02,9.406385361216962337e-04,-3.924120664596557617e-01,-2.212110757827758789e-01
4.848016053438186646e-02,3.850495815277099609e-02,-1.292691975831985474e-01,-4.630360603332519531e-01
-2.656933069229125977e-01,3.863587379455566406e-01,4.566628336906433105e-01,9.645199403166770935e-03
1.764806956052780151e-01,-5.017666220664978027e-01,-1.251126080751419067e-01,-3.913271799683570862e-02
2.729371190071105957e-02,2.378152459859848022e-01,2.171662151813507080e-01,4.190426468849182129e-01
3.146259784698486328e-01,5.921617615967988968e-03,-4.306077659130096436e-01,-5.083228349685668945e-01
3.962878882884979248e-01,-5.114863514900207520e-01,3.817110061645507812e-01,-3.662845194339752197e-01
3.372732698917388916e-01,-1.658229678869247437e-01,-2.961507737636566162e-01,5.109832286834716797e-01
-2.390505075454711914e-01,-2.584741413593292236e-01,-4.521754980087280273e-01,-2.834286391735076904e-01
4.079906269907951355e-02,-2.362316548824310303e-01,-3.435014188289642334e-01,3.417946100234985352e-01
1.376482890918850899e-03,4.012657999992370605e-01,9.028887748718261719e-02,-3.923251330852508545e-01
2.590098679065704346e-01,3.364537060260772705e-01,3.277744054794311523e-01,-1.546417772769927979e-01
-3.255971074104309082e-01,-4.230778515338897705e-01,2.149333506822586060e-01,-3.487101495265960693e-01
1.824667900800704956e-01,-1.819323166273534298e-03,5.083222314715385437e-02,-1.661374568939208984e-01
2.918502390384674072e-01,2.833703458309173584e-01,-4.111981987953186035e-01,2.791669368743896484e-01
2.566334903240203857e-01,-3.303306698799133301e-01,-4.937438964843750000e-01,-2.646284997463226318e-01
3.861745595932006836e-01,-2.859814465045928955e-01,-2.029019594192504883e-01,-1.107484623789787292e-01
-4.105307757854461670e-01,-3.080858886241912842e-01,-2.587726712226867676e-01,4.229970872402191162e-01
2.591954767704010010e-01,-4.396207332611083984e-01,3.659940361976623535e-01,-1.300213783979415894e-01
6.132646463811397552e-03,3.299064338207244873e-01,-3.142054751515388489e-02,-7.968945428729057312e-03
-2.186956256628036499e-01,1.555359363555908203e-01,-4.547702074050903320e-01,2.535806596279144287e-01
2.744784653186798096e-01,3.640720546245574951e-01,-1.643169820308685303e-01,-2.598528861999511719e-01
3.445483744144439697e-02,-1.910834461450576782e-01,-3.973757326602935791e-01,2.241454869508743286e-01
1.882575601339340210e-01,3.808061480522155762e-01,3.191177546977996826e-02,-7.974360883235931396e-02
-2.387129217386245728e-01,-4.581796228885650635e-01,-2.983199954032897949e-01,-4.382407069206237793e-01
-1.554804891347885132e-01,-2.257804572582244873e-02,1.011856924742460251e-02,-1.651543565094470978e-02
-1.589470952749252319e-01,4.340949058532714844e-01,-2.265946120023727417e-01,4.734639525413513184e-01
-4.321412146091461182e-01,-4.964044988155364990e-01,8.599387854337692261e-02,-2.249387949705123901e-01
-2.087071985006332397e-01,4.585909545421600342e-01,1.222576051950454712e-01,-4.510366320610046387e-01
4.709024727344512939e-01,4.160533547401428223e-01,2.120629549026489258e-01,-4.571714401245117188e-01
1.025534495711326599e-01,2.680518627166748047e-01,-2.120091468095779419e-01,-3.326101601123809814e-01
1.207382753491401672e-01,-4.057878255844116211e-01,4.626490473747253418e-01,-8.297302573919296265e-02
